SET check_function_bodies = false;
INSERT INTO public.categories (date_created, date_updated, id, name, sort, user_created, user_updated) VALUES ('2023-05-08 06:34:32.5+00', NULL, 1, 'Electronics', NULL, '8ed52acc-6c3d-4a42-acac-fb9cc5cd25a3', NULL);
INSERT INTO public.categories (date_created, date_updated, id, name, sort, user_created, user_updated) VALUES ('2023-05-18 10:08:34.671+00', NULL, 2, 'Wristwatches', NULL, '8ed52acc-6c3d-4a42-acac-fb9cc5cd25a3', NULL);
INSERT INTO public.categories (date_created, date_updated, id, name, sort, user_created, user_updated) VALUES ('2023-05-18 10:11:13.636+00', NULL, 3, 'Wallet', NULL, '8ed52acc-6c3d-4a42-acac-fb9cc5cd25a3', NULL);
INSERT INTO public.categories (date_created, date_updated, id, name, sort, user_created, user_updated) VALUES ('2023-05-18 10:13:08.251+00', NULL, 4, 'Earphones & Headphones', NULL, '8ed52acc-6c3d-4a42-acac-fb9cc5cd25a3', NULL);
INSERT INTO public.categories (date_created, date_updated, id, name, sort, user_created, user_updated) VALUES ('2023-05-18 10:16:36.606+00', NULL, 5, 'Body care', NULL, '8ed52acc-6c3d-4a42-acac-fb9cc5cd25a3', NULL);
INSERT INTO public.categories (date_created, date_updated, id, name, sort, user_created, user_updated) VALUES ('2023-05-18 10:21:09.461+00', NULL, 6, 'Body workout equipment', NULL, '8ed52acc-6c3d-4a42-acac-fb9cc5cd25a3', NULL);
INSERT INTO public.categories (date_created, date_updated, id, name, sort, user_created, user_updated) VALUES ('2023-05-18 10:23:32.227+00', NULL, 7, 'Shoes', NULL, '8ed52acc-6c3d-4a42-acac-fb9cc5cd25a3', NULL);
INSERT INTO public.categories (date_created, date_updated, id, name, sort, user_created, user_updated) VALUES ('2023-05-18 10:25:51.742+00', NULL, 8, 'Kitchenware', NULL, '8ed52acc-6c3d-4a42-acac-fb9cc5cd25a3', NULL);
INSERT INTO public.categories (date_created, date_updated, id, name, sort, user_created, user_updated) VALUES ('2023-05-18 10:35:09.787+00', NULL, 10, 'Travel gear', NULL, '8ed52acc-6c3d-4a42-acac-fb9cc5cd25a3', NULL);
INSERT INTO public.categories (date_created, date_updated, id, name, sort, user_created, user_updated) VALUES ('2023-05-18 10:27:53.803+00', '2023-05-18 10:37:11.255+00', 9, 'Bottles & Flasks', NULL, '8ed52acc-6c3d-4a42-acac-fb9cc5cd25a3', '8ed52acc-6c3d-4a42-acac-fb9cc5cd25a3');
INSERT INTO public.products (category_id, date_created, date_updated, description, id, name, price, sort, status, thumbnail) VALUES (1, '2023-05-08 06:34:32.51+00', '2023-05-08 09:05:13.879+00', 'Standard glass, 3.8GHz 8-core 10th-generation Intel Core i7 processor, Turbo Boost up to 5.0GHz, 16GB 2666MHz DDR4 memory, Radeon Pro 5500 XT with 8GB of GDDR6 memory, 256GB SSD storage, Gigabit Ethernet, Magic Mouse 2, Magic Keyboard - US.', 1, 'Apple iMac 25"', 2999.99, NULL, 'public', 'ae3900a9-e8e2-435d-ba56-519b102b4bf4');
INSERT INTO public.products (category_id, date_created, date_updated, description, id, name, price, sort, status, thumbnail) VALUES (2, '2023-05-18 10:48:09.517+00', NULL, '2025 New Bruxemburg Luxury Watch Business Waterproof Male Clock Luminous Date Stainless Steel Square Quartz Men Watch reloj hombre', 2, 'New Bruxemburg Luxury Watch', 174.49, NULL, 'public', '236c8cb8-6f89-4126-bf1e-21b82a7799a9');
INSERT INTO public.products (category_id, date_created, date_updated, description, id, name, price, sort, status, thumbnail) VALUES (3, '2023-05-18 10:54:19.667+00', NULL, 'Genuine Leather Rfid Protection Wallets for Men Vintage Thin Short Multi Function ID Credit Card Holder Money Bag', 3, 'Vintage RFID protection wallet', 30.51, NULL, 'public', 'dc5b0cb3-8c7f-49aa-b12d-2e28c27147c6');
INSERT INTO public.products (category_id, date_created, date_updated, description, id, name, price, sort, status, thumbnail) VALUES (4, '2023-05-18 10:58:56.806+00', NULL, 'TWS 2 Pair Bluetooth 5.1 Earphones Charging Box Wireless Headphone With Micr 9D Stereo Sports IPX7 Waterproof Earbuds Headsets', 4, '2 Pair Bluetooth 5.1 Earphones', 25.77, NULL, 'public', 'b9c3f079-df5b-4101-8ac5-f67d6bce5660');
INSERT INTO public.products (category_id, date_created, date_updated, description, id, name, price, sort, status, thumbnail) VALUES (5, '2023-05-18 11:03:04.817+00', NULL, '7pcs/sets Beard Growth Kit For Men Hair Enhancer Thicker Mustache Grooming Beard Care Oil Moisturizer Wax Balm With Comb Scissor', 5, 'Beard Growth Kit', 22.49, NULL, 'public', '0f504972-b6b0-4ddd-b472-d0c9940499c3');
INSERT INTO public.products (category_id, date_created, date_updated, description, id, name, price, sort, status, thumbnail) VALUES (6, '2023-05-18 11:06:54.224+00', NULL, '5 PCS/Set Fitness Rubber Bands 5 Different Levels Resistance Band For Sports Yoga Exercise Gum Glute Training Workout Equipment', 6, 'Fitness Rubber Bands', 21.71, NULL, 'public', '38ef85ec-30fb-421c-9e77-36e9a7701b88');
INSERT INTO public.products (category_id, date_created, date_updated, description, id, name, price, sort, status, thumbnail) VALUES (8, '2023-05-18 11:10:11.603+00', NULL, '304 Stainless Steel Ice Grain Tart Stone Ball Whiskey Metal Set With Ice Clip Bar Wine Set Bar Tools Summer Kitchen Accessories', 7, 'Stainless Steel Ice Grain Cubes', 4.02, NULL, 'public', 'f3c0f81a-4da6-4028-add2-71d00d88db03');
INSERT INTO public.products (category_id, date_created, date_updated, description, id, name, price, sort, status, thumbnail) VALUES (9, '2023-05-18 11:12:18.376+00', NULL, '6/8oz Personalized Hip Flask Funnel for Alcohol Groomsmen Bridesmaid Gift Whisky Hip Flask Steel Bottle Wedding Favors for Guest', 8, 'Personalized Hip Flask', 16.36, NULL, 'public', '4d6457d8-01e7-4d3d-be63-627483ab1ac1');
INSERT INTO public.products (category_id, date_created, date_updated, description, id, name, price, sort, status, thumbnail) VALUES (7, '2023-05-18 11:14:25.712+00', NULL, '2022 Summer Breathable Man Sneaker Fashionable Running Vulcanize Shoe Mesh Sports Flat Men Loafers Zapatillas Hombre Plus Couple', 9, 'Summer Breathable Man Sneaker', 23.29, NULL, 'public', '1f39b6cc-08cd-4432-aa6b-5dd938bb5613');
INSERT INTO public.products (category_id, date_created, date_updated, description, id, name, price, sort, status, thumbnail) VALUES (1, '2023-05-18 11:18:25.59+00', NULL, 'Baseus 10.5W USB Travel Charger Mini Portable Wall Adapter Charger Dual Port Phone Charging For iPhone Huawei Xiaomi', 10, 'Portable 10.5W USB Travel Charger', 7.24, NULL, 'public', 'cde90cd4-7698-4138-8f3e-4ba2f0593863');
INSERT INTO public.products (category_id, date_created, date_updated, description, id, name, price, sort, status, thumbnail) VALUES (10, '2023-05-18 11:22:15.435+00', NULL, 'Personalized Swiss Knife Stainless Steel Army Folding Knives Portable Custom Multi-tool Pocket Size Knife Groomsman Wedding Gift', 11, 'Personalized Swiss Knife', 6.59, NULL, 'public', '548686db-c951-4d03-bd50-34dca514ebbc');
INSERT INTO public.products (category_id, date_created, date_updated, description, id, name, price, sort, status, thumbnail) VALUES (9, '2023-05-18 11:25:06.325+00', NULL, '1 Liter Water Bottle Stainless Steel Bottle Sport Water Bottle Large Capacity Single-wall Gym Sport Water Jug Fitness Kettle', 12, '1 Liter Water Bottle', 15.03, NULL, 'public', 'eafc3f9f-5987-4d46-b91b-a563cbf616a6');
INSERT INTO public.products_files (directus_files_id, id, products_id) VALUES ('58d59031-51d9-40e5-89e4-60f2183f6b2c', 1, 1);
INSERT INTO public.products_files (directus_files_id, id, products_id) VALUES ('488d02be-d34e-47b1-8ade-d6e203a25949', 2, 1);
INSERT INTO public.products_files (directus_files_id, id, products_id) VALUES ('234267c5-37b6-4789-a892-5c70d79640b3', 3, 1);
INSERT INTO public.products_files (directus_files_id, id, products_id) VALUES ('21293308-0354-4e14-85c9-de2fac092804', 4, 1);
INSERT INTO public.products_files (directus_files_id, id, products_id) VALUES ('0af7c5b1-5839-4d58-8eff-178f2f6ff556', 6, 1);
INSERT INTO public.products_files (directus_files_id, id, products_id) VALUES ('ae3900a9-e8e2-435d-ba56-519b102b4bf4', 5, NULL);
INSERT INTO public.products_files (directus_files_id, id, products_id) VALUES ('54c3fd8f-e3b6-468e-ae82-2cf1628e2d4c', 7, 2);
INSERT INTO public.products_files (directus_files_id, id, products_id) VALUES ('bf6da2bf-cb8e-4606-876a-d2ceaf2bbee4', 8, 2);
INSERT INTO public.products_files (directus_files_id, id, products_id) VALUES ('9ff88cb6-5372-44ae-9d2f-54c11f2dd30e', 9, 2);
INSERT INTO public.products_files (directus_files_id, id, products_id) VALUES ('1f65622e-5b33-4b9f-9d58-3ab367bf3618', 10, 2);
INSERT INTO public.products_files (directus_files_id, id, products_id) VALUES ('9a2ac613-b95c-4fd2-b1d0-9600e3c7ba3b', 11, 3);
INSERT INTO public.products_files (directus_files_id, id, products_id) VALUES ('dc5b0cb3-8c7f-49aa-b12d-2e28c27147c6', 12, 3);
INSERT INTO public.products_files (directus_files_id, id, products_id) VALUES ('a0d2c878-a2be-45d7-876e-c120da3e7f8f', 13, 3);
INSERT INTO public.products_files (directus_files_id, id, products_id) VALUES ('29273ba2-0bcb-4364-b4c9-121321300e25', 14, 3);
INSERT INTO public.products_files (directus_files_id, id, products_id) VALUES ('b9c3f079-df5b-4101-8ac5-f67d6bce5660', 15, 4);
INSERT INTO public.products_files (directus_files_id, id, products_id) VALUES ('3939f087-e057-4214-ac7b-a4cc912263b0', 16, 4);
INSERT INTO public.products_files (directus_files_id, id, products_id) VALUES ('8ae0bc5a-d364-4736-bae6-39ff019224bc', 17, 4);
INSERT INTO public.products_files (directus_files_id, id, products_id) VALUES ('43df1fc8-86da-4e8c-bd30-54dbe26cf052', 18, 4);
INSERT INTO public.products_files (directus_files_id, id, products_id) VALUES ('7efb4df4-ee58-4478-9eb2-d114f20c37f8', 19, 4);
INSERT INTO public.products_files (directus_files_id, id, products_id) VALUES ('24b0e19c-ae9d-43d4-88be-9b6c2a997acc', 20, 5);
INSERT INTO public.products_files (directus_files_id, id, products_id) VALUES ('80a5f35a-1f53-48cd-9d21-f72455409755', 21, 5);
INSERT INTO public.products_files (directus_files_id, id, products_id) VALUES ('71bd827b-837f-4839-b0a7-f5c2ad0b889b', 22, 5);
INSERT INTO public.products_files (directus_files_id, id, products_id) VALUES ('fef8d23c-904c-4470-acbc-c2e8aa388187', 23, 5);
INSERT INTO public.products_files (directus_files_id, id, products_id) VALUES ('22addf98-295f-42c0-bc99-17837baf1356', 24, 6);
INSERT INTO public.products_files (directus_files_id, id, products_id) VALUES ('38ef85ec-30fb-421c-9e77-36e9a7701b88', 25, 6);
INSERT INTO public.products_files (directus_files_id, id, products_id) VALUES ('c82fc8c9-a453-4c64-b9a5-923a9e0a14dd', 26, 6);
INSERT INTO public.products_files (directus_files_id, id, products_id) VALUES ('f3c0f81a-4da6-4028-add2-71d00d88db03', 27, 7);
INSERT INTO public.products_files (directus_files_id, id, products_id) VALUES ('811df3a2-1669-45b3-af29-2e0bb0cc647f', 28, 7);
INSERT INTO public.products_files (directus_files_id, id, products_id) VALUES ('88290cd8-ebfd-4f3f-a836-475eb8086cd2', 29, 7);
INSERT INTO public.products_files (directus_files_id, id, products_id) VALUES ('4d6457d8-01e7-4d3d-be63-627483ab1ac1', 30, 8);
INSERT INTO public.products_files (directus_files_id, id, products_id) VALUES ('1f39b6cc-08cd-4432-aa6b-5dd938bb5613', 31, 9);
INSERT INTO public.products_files (directus_files_id, id, products_id) VALUES ('a3ac1a26-bc1b-459b-83e6-e00ec866efcf', 32, 9);
INSERT INTO public.products_files (directus_files_id, id, products_id) VALUES ('e45f6651-a86a-40a2-87cb-61913466f16b', 33, 10);
INSERT INTO public.products_files (directus_files_id, id, products_id) VALUES ('c7d881e6-c7f4-44c9-93b0-6d4baef4974e', 34, 10);
INSERT INTO public.products_files (directus_files_id, id, products_id) VALUES ('69f25d9d-9948-4055-9770-81e059f2f8ea', 35, 10);
INSERT INTO public.products_files (directus_files_id, id, products_id) VALUES ('bc5793e7-a1de-4459-9d77-3c640104dd7e', 36, 10);
INSERT INTO public.products_files (directus_files_id, id, products_id) VALUES ('5eed7e1a-a289-4a99-aafa-153cc5c16b65', 37, 11);
INSERT INTO public.products_files (directus_files_id, id, products_id) VALUES ('e0e8f65b-ab7e-4991-8a31-aa941eddc12d', 38, 11);
INSERT INTO public.products_files (directus_files_id, id, products_id) VALUES ('eec4c8b2-0429-47a6-8dce-698d1be31d60', 39, 11);
INSERT INTO public.products_files (directus_files_id, id, products_id) VALUES ('eafc3f9f-5987-4d46-b91b-a563cbf616a6', 40, 12);
INSERT INTO public.products_files (directus_files_id, id, products_id) VALUES ('f1253a58-258b-4111-9803-b14b36812d0e', 41, 12);
INSERT INTO public.products_files (directus_files_id, id, products_id) VALUES ('0032d106-159e-46e7-bdf8-606859063a3f', 42, 12);
INSERT INTO public.products_files (directus_files_id, id, products_id) VALUES ('6be12cc6-a986-42b8-bef8-8f7ea9bb06f0', 43, 12);
SELECT pg_catalog.setval('public.categories_id_seq', 10, true);
SELECT pg_catalog.setval('public.order_lines_id_seq', 1, false);
SELECT pg_catalog.setval('public.orders_id_seq', 1, false);
SELECT pg_catalog.setval('public.products_files_id_seq', 43, true);
SELECT pg_catalog.setval('public.products_id_seq', 12, true);
SELECT pg_catalog.setval('public.reviews_id_seq', 1, false);
SELECT pg_catalog.setval('public.users_id_seq', 1, false);
